target,roc_auc,log_loss,brier
breakout,0.715311004784689,0.6988619434649289,0.21153359504235664
