model,log_loss,roc_auc,brier
league_shot_quality_v2,0.6432096304811438,0.6551410824254905,0.2265924503052925
player_adjusted_v2,0.6427205636535989,0.655950641333412,0.22646312157255655
